cl_id,target_flag
2,1.0
3,1.0
4,1.0
6,1.0
7,1.0
8,1.0
12,0.0
13,0.0
15,1.0
16,0.0
17,0.0
18,0.0
19,0.0
26,0.0
27,0.0
30,1.0
33,0.0
34,1.0
36,1.0
37,0.0
40,1.0
43,0.0
44,0.0
45,1.0
47,0.0
51,1.0
53,1.0
57,0.0
60,1.0
62,1.0
64,0.0
65,1.0
66,1.0
67,1.0
71,1.0
72,1.0
75,1.0
80,1.0
83,0.0
86,1.0
87,0.0
92,1.0
95,0.0
97,0.0
99,1.0
101,1.0
102,1.0
105,1.0
110,0.0
111,1.0
112,1.0
115,1.0
116,0.0
118,1.0
120,0.0
121,1.0
123,1.0
125,0.0
127,0.0
128,0.0
131,0.0
133,1.0
135,1.0
140,0.0
145,1.0
146,1.0
147,1.0
150,0.0
151,1.0
155,0.0
156,1.0
158,1.0
159,0.0
161,0.0
164,1.0
165,0.0
167,1.0
170,1.0
171,1.0
172,0.0
173,1.0
174,1.0
175,0.0
176,0.0
179,1.0
182,0.0
185,1.0
188,0.0
189,0.0
191,1.0
192,0.0
193,0.0
194,1.0
195,1.0
197,1.0
199,0.0
201,0.0
202,0.0
203,1.0
208,1.0
209,1.0
210,0.0
212,1.0
213,1.0
214,0.0
218,1.0
220,1.0
222,0.0
223,1.0
226,1.0
231,1.0
232,0.0
233,1.0
234,1.0
236,0.0
238,0.0
240,0.0
244,1.0
245,0.0
246,1.0
248,0.0
251,1.0
257,0.0
258,0.0
260,0.0
261,1.0
263,1.0
264,0.0
266,0.0
268,0.0
270,1.0
271,1.0
275,1.0
276,0.0
280,1.0
282,1.0
283,0.0
284,1.0
286,0.0
287,1.0
288,0.0
289,1.0
290,1.0
291,1.0
292,1.0
293,1.0
298,1.0
303,1.0
306,1.0
309,1.0
311,1.0
316,0.0
317,1.0
318,0.0
319,1.0
320,1.0
321,1.0
323,1.0
324,1.0
326,1.0
327,1.0
330,1.0
332,1.0
334,1.0
336,1.0
337,1.0
338,1.0
339,1.0
342,0.0
344,1.0
345,1.0
348,1.0
350,1.0
352,1.0
353,1.0
355,0.0
360,1.0
361,1.0
362,1.0
365,1.0
367,1.0
371,0.0
372,1.0
374,1.0
379,1.0
381,1.0
383,1.0
384,0.0
385,1.0
387,0.0
389,1.0
391,1.0
397,1.0
398,1.0
400,0.0
403,1.0
404,1.0
405,1.0
407,1.0
408,1.0
409,1.0
411,1.0
413,1.0
414,1.0
415,1.0
418,1.0
423,1.0
425,0.0
426,0.0
431,1.0
433,0.0
434,0.0
439,0.0
445,1.0
446,1.0
447,0.0
451,1.0
453,1.0
457,1.0
463,1.0
465,1.0
467,1.0
468,1.0
469,1.0
470,1.0
474,0.0
475,1.0
478,1.0
479,1.0
482,1.0
487,0.0
488,1.0
489,0.0
491,1.0
492,1.0
493,1.0
495,0.0
496,1.0
497,1.0
499,1.0
501,0.0
502,1.0
503,1.0
507,0.0
508,1.0
510,1.0
511,1.0
514,1.0
515,1.0
516,1.0
519,0.0
524,1.0
526,1.0
527,1.0
530,1.0
533,1.0
535,1.0
537,1.0
538,1.0
540,1.0
541,1.0
550,1.0
551,1.0
552,0.0
557,1.0
559,1.0
560,1.0
565,1.0
566,1.0
567,1.0
571,1.0
572,1.0
575,1.0
576,1.0
577,1.0
580,1.0
583,1.0
584,1.0
587,0.0
588,0.0
589,1.0
590,1.0
591,1.0
592,1.0
593,1.0
597,1.0
598,0.0
599,1.0
602,1.0
603,1.0
604,1.0
605,0.0
606,1.0
608,1.0
613,0.0
615,1.0
616,1.0
617,1.0
619,1.0
620,1.0
621,1.0
623,1.0
627,1.0
628,1.0
629,0.0
630,1.0
631,1.0
633,1.0
634,1.0
639,1.0
640,1.0
644,1.0
647,1.0
648,1.0
651,1.0
656,1.0
657,1.0
658,1.0
659,0.0
660,1.0
661,1.0
662,1.0
664,1.0
666,1.0
668,1.0
673,1.0
674,1.0
675,0.0
678,1.0
683,1.0
684,1.0
685,1.0
686,0.0
687,1.0
689,1.0
694,1.0
705,1.0
706,1.0
709,1.0
711,1.0
712,1.0
713,1.0
720,0.0
723,1.0
725,1.0
727,1.0
733,1.0
734,1.0
737,1.0
738,1.0
739,1.0
741,1.0
742,1.0
746,0.0
747,0.0
748,1.0
752,1.0
755,0.0
758,1.0
760,1.0
761,1.0
762,1.0
764,1.0
766,1.0
768,1.0
769,1.0
770,1.0
774,1.0
775,1.0
776,1.0
778,1.0
779,0.0
781,0.0
782,1.0
783,1.0
784,0.0
785,1.0
788,1.0
790,1.0
792,1.0
793,1.0
795,1.0
796,0.0
797,1.0
798,1.0
800,1.0
801,1.0
803,0.0
805,1.0
806,1.0
807,1.0
810,1.0
813,1.0
816,1.0
818,1.0
821,1.0
822,1.0
824,1.0
825,1.0
827,1.0
829,0.0
831,1.0
832,1.0
833,0.0
835,1.0
837,1.0
838,1.0
841,0.0
843,1.0
844,1.0
845,1.0
846,1.0
848,1.0
849,1.0
852,1.0
853,1.0
854,1.0
855,1.0
856,1.0
860,1.0
862,1.0
863,1.0
864,1.0
867,1.0
868,1.0
869,1.0
872,1.0
874,1.0
875,0.0
877,1.0
879,1.0
880,1.0
881,1.0
882,1.0
883,1.0
888,1.0
891,1.0
892,1.0
893,1.0
894,1.0
895,1.0
897,1.0
898,0.0
899,1.0
900,1.0
904,1.0
908,1.0
909,1.0
910,1.0
915,1.0
916,1.0
917,1.0
919,1.0
920,1.0
922,1.0
923,1.0
924,1.0
928,1.0
930,1.0
931,1.0
933,0.0
935,1.0
936,1.0
938,0.0
940,1.0
942,1.0
943,1.0
945,1.0
947,0.0
949,1.0
950,1.0
952,1.0
953,1.0
957,1.0
958,1.0
962,0.0
963,1.0
964,1.0
965,0.0
969,1.0
970,1.0
971,1.0
972,1.0
974,1.0
977,1.0
979,1.0
980,1.0
981,1.0
982,1.0
983,1.0
984,1.0
986,1.0
987,0.0
988,1.0
989,1.0
990,1.0
991,1.0
992,1.0
993,1.0
994,1.0
996,1.0
998,1.0
999,1.0
1003,1.0
1008,0.0
1009,1.0
1011,1.0
1015,1.0
1017,0.0
1018,1.0
1019,0.0
1021,1.0
1022,1.0
1023,0.0
1025,1.0
1027,1.0
1028,0.0
1030,1.0
1031,1.0
1033,1.0
1034,1.0
1036,1.0
1038,1.0
1043,1.0
1044,1.0
1045,1.0
1046,0.0
1049,0.0
1051,1.0
1059,1.0
1060,1.0
1062,1.0
1063,1.0
1064,1.0
1067,1.0
1069,1.0
1071,1.0
1072,1.0
1073,1.0
1074,1.0
1075,1.0
1078,1.0
1080,1.0
1081,1.0
1082,1.0
1083,1.0
1084,1.0
1087,0.0
1088,1.0
1089,0.0
1091,0.0
1092,0.0
1093,1.0
1094,1.0
1097,1.0
1099,1.0
1102,1.0
1111,1.0
1112,1.0
1114,1.0
1115,1.0
1118,1.0
1119,1.0
1120,1.0
1121,1.0
1123,1.0
1124,0.0
1126,1.0
1127,0.0
1131,0.0
1134,1.0
1136,1.0
1137,1.0
1138,1.0
1140,1.0
1146,1.0
1148,1.0
1150,1.0
1152,1.0
1155,1.0
1156,0.0
1157,1.0
1161,1.0
1163,1.0
1165,1.0
1166,1.0
1168,1.0
1169,1.0
1170,1.0
1171,1.0
1174,1.0
1178,1.0
1179,1.0
1182,1.0
1183,0.0
1184,1.0
1185,1.0
1187,0.0
1188,1.0
1189,1.0
1190,1.0
1191,1.0
1192,1.0
1193,1.0
1196,1.0
1198,1.0
1200,1.0
1202,1.0
1208,1.0
1209,1.0
1210,1.0
1212,1.0
1215,1.0
1222,1.0
1224,1.0
1226,1.0
1227,1.0
1228,1.0
1229,0.0
1230,1.0
1232,1.0
1239,1.0
1241,1.0
1242,1.0
1243,1.0
1245,1.0
1247,0.0
1249,1.0
1254,1.0
1258,1.0
1259,1.0
1264,1.0
1268,1.0
1269,0.0
1273,0.0
1275,1.0
1276,1.0
1277,1.0
1279,1.0
1280,1.0
1281,1.0
1282,1.0
1285,1.0
1291,0.0
1292,1.0
1293,0.0
1294,1.0
1296,1.0
1298,1.0
1301,1.0
1305,1.0
1306,0.0
1307,1.0
1308,1.0
1310,1.0
1311,1.0
1313,1.0
1319,1.0
1322,1.0
1323,1.0
1325,1.0
1327,0.0
1331,1.0
1334,1.0
1335,1.0
1336,1.0
1338,1.0
1341,1.0
1342,1.0
1343,1.0
1344,1.0
1345,1.0
1347,0.0
1349,1.0
1350,0.0
1351,1.0
1353,1.0
1354,1.0
1356,1.0
1358,1.0
1359,1.0
1361,1.0
1364,0.0
1366,0.0
1372,1.0
1375,1.0
1376,1.0
1380,0.0
1381,0.0
1382,1.0
1383,1.0
1384,1.0
1385,1.0
1386,0.0
1387,0.0
1389,1.0
1391,1.0
1392,1.0
1394,1.0
1395,1.0
1400,0.0
1402,1.0
1404,1.0
1405,1.0
1409,1.0
1414,1.0
1418,1.0
1419,1.0
1423,0.0
1425,1.0
1426,1.0
1427,0.0
1428,1.0
1429,1.0
1431,1.0
1432,1.0
1433,1.0
1435,1.0
1437,1.0
1438,1.0
1440,1.0
1444,0.0
1445,1.0
1446,1.0
1447,1.0
1450,1.0
1453,1.0
1455,1.0
1456,1.0
1457,1.0
1458,1.0
1459,0.0
1461,1.0
1462,1.0
1463,1.0
1464,1.0
1465,1.0
1466,1.0
1467,0.0
1470,1.0
1471,1.0
1474,1.0
1476,1.0
1483,1.0
1485,0.0
1487,0.0
1488,1.0
1489,1.0
1490,1.0
1492,1.0
1493,1.0
1497,1.0
1498,1.0
1499,1.0
1500,1.0
1502,1.0
1503,1.0
1504,1.0
1505,1.0
1506,1.0
1507,1.0
1508,1.0
1509,1.0
1511,1.0
1512,1.0
1513,0.0
1516,1.0
1519,1.0
1520,1.0
1522,1.0
1526,1.0
1527,1.0
1528,1.0
1530,1.0
1532,1.0
1533,1.0
1534,1.0
1535,1.0
1537,1.0
1540,0.0
1541,1.0
1542,1.0
1543,1.0
1548,1.0
1549,1.0
1551,1.0
1554,1.0
1556,1.0
1557,1.0
1558,1.0
1560,1.0
1561,1.0
1562,1.0
1563,1.0
1567,1.0
1568,0.0
1569,1.0
1571,1.0
1573,1.0
1575,0.0
1577,1.0
1579,1.0
1580,1.0
1582,1.0
1584,1.0
1586,1.0
1587,1.0
1588,1.0
1589,1.0
1590,1.0
1593,1.0
1597,1.0
1598,1.0
1599,1.0
1601,1.0
1604,0.0
1605,1.0
1606,1.0
1607,1.0
1614,1.0
1615,1.0
1616,1.0
1623,1.0
1624,1.0
1627,1.0
1629,1.0
1630,0.0
1632,1.0
1633,0.0
1634,1.0
1635,1.0
1638,1.0
1641,1.0
1642,1.0
1643,1.0
1644,1.0
1648,1.0
1650,1.0
1651,0.0
1654,0.0
1655,1.0
1656,1.0
1657,1.0
1658,1.0
1659,1.0
1660,1.0
1664,1.0
1667,0.0
1670,1.0
1672,1.0
1674,0.0
1675,1.0
1676,1.0
1677,0.0
1680,1.0
1684,1.0
1685,1.0
1687,1.0
1688,1.0
1689,1.0
1690,1.0
1691,1.0
1692,1.0
1693,1.0
1694,0.0
1696,1.0
1701,1.0
1702,1.0
1705,0.0
1706,0.0
1707,1.0
1708,0.0
1709,1.0
1713,0.0
1714,1.0
1715,1.0
1716,1.0
1717,1.0
1719,1.0
1721,1.0
1723,1.0
1725,1.0
1726,1.0
1727,1.0
1728,0.0
1729,1.0
1731,1.0
1732,0.0
1733,1.0
1734,0.0
1735,0.0
1737,1.0
1738,1.0
1741,1.0
1742,1.0
1743,1.0
1745,1.0
1746,1.0
1747,1.0
1748,1.0
1749,1.0
1750,1.0
1752,1.0
1754,1.0
1757,1.0
1759,0.0
1761,1.0
1762,0.0
1763,1.0
1766,1.0
1767,1.0
1771,1.0
1773,1.0
1774,1.0
1775,1.0
1776,1.0
1779,1.0
1780,1.0
1783,1.0
1784,1.0
1788,1.0
1789,1.0
1790,1.0
1791,1.0
1792,1.0
1795,1.0
1796,1.0
1797,0.0
1801,1.0
1802,1.0
1803,1.0
1805,1.0
1807,1.0
1808,1.0
1810,1.0
1811,1.0
1815,1.0
1817,1.0
1821,1.0
1822,0.0
1825,1.0
1826,1.0
1827,1.0
1829,1.0
1835,1.0
1840,1.0
1841,1.0
1843,1.0
1844,0.0
1845,1.0
1855,1.0
1857,1.0
1860,1.0
1861,1.0
1863,1.0
1864,0.0
1866,1.0
1867,1.0
1869,1.0
1872,1.0
1874,0.0
1878,1.0
1881,0.0
1883,1.0
1886,0.0
1888,1.0
1889,0.0
1891,1.0
1892,1.0
1893,0.0
1894,1.0
1896,0.0
1897,1.0
1899,1.0
1900,1.0
1901,1.0
1903,1.0
1904,1.0
1908,1.0
1911,1.0
1913,1.0
1914,1.0
1916,1.0
1917,1.0
1923,1.0
1924,0.0
1925,1.0
1926,0.0
1927,1.0
1928,1.0
1929,1.0
1930,1.0
1932,0.0
1935,1.0
1937,1.0
1938,1.0
1940,1.0
1941,1.0
1942,1.0
1943,1.0
1945,1.0
1948,1.0
1950,1.0
1952,1.0
1953,1.0
1954,1.0
1956,1.0
1963,1.0
1964,1.0
1965,1.0
1966,1.0
1967,1.0
1968,1.0
1969,1.0
1970,1.0
1971,1.0
1977,1.0
1979,1.0
1980,1.0
1982,0.0
1983,0.0
1985,1.0
1986,1.0
1987,1.0
1992,1.0
1994,0.0
1995,1.0
1996,1.0
1999,0.0
2002,1.0
2003,0.0
2008,1.0
2009,1.0
2010,1.0
2015,1.0
2016,1.0
2022,1.0
2024,1.0
2025,1.0
2028,1.0
2029,1.0
2032,1.0
2033,0.0
2034,1.0
2035,1.0
2036,1.0
2037,1.0
2039,1.0
2041,1.0
2042,0.0
2048,0.0
2049,0.0
2050,1.0
2051,1.0
2053,1.0
2054,1.0
2057,1.0
2058,1.0
2059,1.0
2060,1.0
2061,1.0
2067,1.0
2069,1.0
2070,1.0
2074,1.0
2075,1.0
2077,1.0
2079,1.0
2081,1.0
2082,1.0
2084,1.0
2088,1.0
2090,1.0
2091,0.0
2092,0.0
2094,1.0
2095,1.0
2097,1.0
2099,1.0
2104,0.0
2105,0.0
2108,1.0
2109,0.0
2110,1.0
2111,1.0
2117,1.0
2118,1.0
2120,1.0
2122,1.0
2124,1.0
2130,1.0
2132,1.0
2133,1.0
2134,1.0
2136,1.0
2138,1.0
2139,1.0
2141,1.0
2144,1.0
2146,1.0
2147,1.0
2151,1.0
2152,1.0
2153,1.0
2154,1.0
2156,1.0
2159,1.0
2161,0.0
2162,0.0
2164,0.0
2165,1.0
2167,1.0
2169,1.0
2170,1.0
2171,1.0
2172,1.0
2173,1.0
2178,1.0
2180,1.0
2181,1.0
2182,1.0
2183,1.0
2184,1.0
2185,1.0
2186,1.0
2187,1.0
2189,1.0
2194,1.0
2195,1.0
2197,1.0
2198,1.0
2200,1.0
2202,1.0
2203,1.0
2204,1.0
2205,1.0
2206,1.0
2207,1.0
2211,1.0
2213,1.0
2214,0.0
2218,0.0
2219,0.0
2220,0.0
2221,1.0
2222,1.0
2225,0.0
2232,1.0
2236,1.0
2239,1.0
2240,1.0
2242,1.0
2243,1.0
2245,1.0
2246,1.0
2247,1.0
2248,1.0
2251,1.0
2252,0.0
2255,0.0
2256,1.0
2259,1.0
2262,1.0
2263,1.0
2264,1.0
2266,1.0
2269,1.0
2270,0.0
2271,1.0
2272,1.0
2273,1.0
2274,1.0
2280,1.0
2281,1.0
2286,1.0
2287,0.0
2288,1.0
2289,1.0
2290,1.0
2295,1.0
2296,1.0
2300,1.0
2301,1.0
2303,1.0
2304,1.0
2307,1.0
2310,0.0
2311,1.0
2314,1.0
2317,1.0
2318,1.0
2319,0.0
2321,1.0
2324,1.0
2325,1.0
2326,1.0
2327,1.0
2328,1.0
2329,1.0
2330,1.0
2335,1.0
2336,1.0
2341,1.0
2342,0.0
2343,1.0
2347,1.0
2349,1.0
2350,1.0
2352,0.0
2354,0.0
2355,1.0
2361,1.0
2363,1.0
2365,1.0
2367,1.0
2368,1.0
2375,1.0
2376,1.0
2379,1.0
2382,1.0
2384,0.0
2386,1.0
2388,1.0
2389,1.0
2391,1.0
2394,1.0
2395,1.0
2397,1.0
2398,1.0
2399,1.0
2402,0.0
2405,1.0
2408,1.0
2411,1.0
2417,0.0
2420,1.0
2421,1.0
2423,1.0
2425,1.0
2426,1.0
2429,0.0
2431,1.0
2435,0.0
2437,1.0
2439,1.0
2441,1.0
2443,0.0
2447,1.0
2450,1.0
2451,1.0
2455,1.0
2456,1.0
2459,1.0
2460,1.0
2461,0.0
2463,1.0
2465,1.0
2466,0.0
2470,1.0
2472,0.0
2478,1.0
2481,1.0
2482,1.0
2485,1.0
2488,1.0
2489,1.0
2492,1.0
2495,0.0
2497,1.0
2499,1.0
2500,1.0
2502,0.0
2503,1.0
2505,1.0
2510,0.0
2511,0.0
2512,0.0
2513,0.0
2514,1.0
2515,1.0
2516,1.0
2520,1.0
2522,1.0
2526,1.0
2531,1.0
2534,1.0
2535,0.0
2537,1.0
2539,1.0
2542,1.0
2544,1.0
2546,1.0
2550,0.0
2552,1.0
2553,1.0
2554,1.0
2555,1.0
2557,1.0
2558,1.0
2559,1.0
2562,1.0
2563,1.0
2564,1.0
2565,1.0
2566,1.0
2567,1.0
2568,1.0
2569,1.0
2571,1.0
2573,1.0
2574,1.0
2575,1.0
2576,0.0
2578,1.0
2582,1.0
2583,1.0
2585,1.0
2588,0.0
2590,1.0
2591,0.0
2593,1.0
2594,1.0
2599,1.0
2603,0.0
2606,1.0
2607,1.0
2608,1.0
2610,1.0
2612,1.0
2613,1.0
2618,1.0
2619,1.0
2623,1.0
2624,0.0
2626,0.0
2627,0.0
2628,1.0
2630,0.0
2631,1.0
2634,1.0
2638,1.0
2639,1.0
2640,1.0
2641,1.0
2642,0.0
2644,1.0
2645,0.0
2648,1.0
2649,1.0
2651,1.0
2653,0.0
2654,1.0
2656,0.0
2658,1.0
2659,1.0
2660,1.0
2662,1.0
2663,1.0
2667,1.0
2668,1.0
2669,1.0
2671,1.0
2672,1.0
2677,1.0
2680,1.0
2681,1.0
2684,1.0
2685,1.0
2687,1.0
2692,1.0
2697,1.0
2698,1.0
2706,1.0
2707,0.0
2708,1.0
2711,1.0
2712,1.0
2716,1.0
2717,1.0
2720,0.0
2723,1.0
2728,1.0
2731,1.0
2732,0.0
2734,0.0
2740,1.0
2742,1.0
2744,1.0
2748,1.0
2750,1.0
2751,1.0
2755,1.0
2757,1.0
2761,1.0
2762,1.0
2764,1.0
2766,1.0
2768,1.0
2769,1.0
2773,1.0
2775,1.0
2779,1.0
2782,1.0
2785,0.0
2786,1.0
2788,1.0
2789,1.0
2790,1.0
2791,1.0
2792,1.0
2794,1.0
2795,1.0
2796,1.0
2797,1.0
2798,1.0
2799,1.0
2800,1.0
2801,0.0
2805,1.0
2807,1.0
2810,1.0
2814,1.0
2815,1.0
2819,1.0
2821,1.0
2822,0.0
2824,1.0
2830,1.0
2831,1.0
2833,1.0
2834,1.0
2835,1.0
2836,1.0
2837,1.0
2839,1.0
2842,1.0
2844,1.0
2845,0.0
2848,1.0
2849,1.0
2852,1.0
2858,1.0
2859,0.0
2860,1.0
2861,1.0
2862,1.0
2867,0.0
2868,1.0
2869,1.0
2870,1.0
2872,1.0
2873,1.0
2877,1.0
2880,0.0
2881,1.0
2882,0.0
2885,0.0
2888,1.0
2891,1.0
2893,0.0
2895,1.0
2896,1.0
2898,0.0
2901,1.0
2903,0.0
2904,0.0
2905,0.0
2909,1.0
2917,1.0
2918,1.0
2920,0.0
2921,1.0
2924,1.0
2925,1.0
2928,1.0
2930,1.0
2932,0.0
2933,1.0
2936,0.0
2938,1.0
2940,1.0
2941,0.0
2943,0.0
2948,0.0
2950,0.0
2951,1.0
2953,0.0
2955,0.0
2957,1.0
2959,1.0
2960,1.0
2961,1.0
2965,1.0
2969,1.0
2970,1.0
2971,0.0
2973,1.0
2974,1.0
2978,0.0
2979,0.0
2981,0.0
2983,0.0
2984,1.0
2985,1.0
2986,1.0
2987,0.0
2988,0.0
2989,1.0
2991,0.0
2992,1.0
2994,0.0
2998,0.0
2999,1.0
3000,1.0
3001,1.0
3003,0.0
3004,0.0
3006,0.0
3007,0.0
3011,1.0
3012,0.0
3014,0.0
3017,1.0
3018,1.0
3021,1.0
3023,0.0
3026,1.0
3028,0.0
3029,0.0
3031,1.0
3035,0.0
3036,1.0
3037,1.0
3038,1.0
3041,0.0
3042,0.0
3044,1.0
3046,1.0
3049,0.0
3050,0.0
3052,1.0
3053,0.0
3054,1.0
3056,0.0
3058,1.0
3059,0.0
3060,1.0
3063,0.0
3067,0.0
3068,0.0
3073,1.0
3076,0.0
3077,1.0
3078,1.0
3080,1.0
3081,1.0
3083,1.0
3084,0.0
3085,1.0
3090,1.0
3091,1.0
3093,0.0
3095,1.0
3098,0.0
3099,0.0
3101,1.0
3102,0.0
3104,0.0
3107,0.0
3109,1.0
3110,0.0
3113,1.0
3117,1.0
3119,1.0
3124,0.0
3125,1.0
3126,1.0
3128,0.0
3133,0.0
3136,1.0
3137,1.0
3138,0.0
3139,0.0
3140,0.0
3141,0.0
3145,0.0
3147,1.0
3149,1.0
3150,0.0
3151,1.0
3152,0.0
3153,1.0
3154,0.0
3156,1.0
3158,1.0
3160,0.0
3161,1.0
3165,0.0
3166,1.0
3169,1.0
3170,1.0
3173,0.0
3175,0.0
3176,1.0
3177,1.0
3178,0.0
3179,1.0
3180,1.0
3181,1.0
3183,1.0
3185,1.0
3186,1.0
3187,0.0
3190,0.0
3196,1.0
3199,1.0
3203,0.0
3204,1.0
3208,1.0
3209,1.0
3210,0.0
3211,1.0
3213,1.0
3215,1.0
3216,1.0
3218,1.0
3219,1.0
3220,1.0
3222,1.0
3223,1.0
3225,1.0
3227,1.0
3229,0.0
3232,1.0
3233,0.0
3234,1.0
3235,1.0
3237,0.0
3238,0.0
3240,0.0
3241,0.0
3242,1.0
3244,0.0
3245,1.0
3246,1.0
3247,1.0
3249,1.0
3250,1.0
3253,1.0
3254,1.0
3256,1.0
3261,1.0
3263,0.0
3265,1.0
3266,1.0
3269,1.0
3273,1.0
3274,1.0
3277,1.0
3278,0.0
3279,0.0
3283,0.0
3286,0.0
3287,1.0
3289,0.0
3296,1.0
3297,1.0
3305,1.0
3306,1.0
3307,1.0
3308,1.0
3310,1.0
3312,0.0
3314,0.0
3315,0.0
3316,0.0
3318,1.0
3325,1.0
3326,1.0
3327,0.0
3328,0.0
3329,1.0
3330,1.0
3332,1.0
3333,1.0
3334,1.0
3337,0.0
3342,0.0
3343,0.0
3344,1.0
3347,0.0
3348,0.0
3350,0.0
3354,0.0
3356,1.0
3357,0.0
3359,0.0
3360,1.0
3361,1.0
3363,1.0
3367,1.0
3368,1.0
3370,0.0
3371,1.0
3372,1.0
3375,0.0
3378,0.0
3380,0.0
3383,0.0
3384,1.0
3385,0.0
3386,0.0
3388,0.0
3391,1.0
3394,1.0
3396,0.0
3398,1.0
3400,1.0
3401,1.0
3402,0.0
3405,1.0
3406,1.0
3407,1.0
3410,0.0
3412,0.0
3413,1.0
3414,1.0
3417,1.0
3418,1.0
3422,0.0
3425,1.0
3426,1.0
3434,1.0
3439,0.0
3440,0.0
3441,0.0
3442,0.0
3444,1.0
3445,0.0
3449,0.0
3451,0.0
3452,0.0
3454,1.0
3455,1.0
3457,1.0
3459,1.0
3460,1.0
3461,1.0
3462,0.0
3463,0.0
3464,0.0
3465,1.0
3468,1.0
3470,1.0
3472,1.0
3473,0.0
3475,0.0
3476,1.0
3479,1.0
3480,0.0
3482,1.0
3484,1.0
3485,0.0
3486,0.0
3489,1.0
3490,1.0
3491,0.0
3495,1.0
3496,0.0
3498,0.0
3501,1.0
3504,1.0
3512,1.0
3514,0.0
3515,0.0
3516,0.0
3517,1.0
3518,0.0
3520,0.0
3521,1.0
3525,0.0
3528,1.0
3530,1.0
3531,1.0
3536,1.0
3537,1.0
3538,1.0
3542,1.0
3544,0.0
3545,0.0
3547,0.0
3549,1.0
3550,0.0
3557,0.0
3558,1.0
3559,1.0
3563,1.0
3564,0.0
3566,1.0
3568,0.0
3570,1.0
3573,1.0
3575,1.0
3577,1.0
3579,1.0
3580,0.0
3581,1.0
3582,1.0
3584,1.0
3587,1.0
3589,0.0
3592,0.0
3594,1.0
3598,0.0
3599,1.0
3602,1.0
3603,0.0
3604,1.0
3605,1.0
3607,0.0
3608,1.0
3609,0.0
3611,1.0
3614,0.0
3615,1.0
3616,0.0
3617,0.0
3619,1.0
3623,1.0
3625,0.0
3626,1.0
3629,0.0
3630,1.0
3631,1.0
3632,1.0
3634,1.0
3636,0.0
3637,1.0
3639,1.0
3640,1.0
3641,0.0
3643,1.0
3644,0.0
3645,0.0
3646,0.0
3648,1.0
3649,1.0
3651,1.0
3654,0.0
3655,0.0
3658,1.0
3659,1.0
3660,1.0
3661,0.0
3662,1.0
3664,0.0
3666,0.0
3669,0.0
3670,1.0
3671,0.0
3673,1.0
3675,1.0
3677,0.0
3678,0.0
3679,0.0
3680,0.0
3682,0.0
3683,1.0
3684,0.0
3687,0.0
3689,1.0
3691,1.0
3693,0.0
3695,1.0
3698,1.0
3699,0.0
3700,1.0
3701,1.0
3702,0.0
3705,1.0
3706,0.0
3708,0.0
3709,0.0
3710,0.0
3712,0.0
3713,0.0
3714,0.0
3718,1.0
3721,0.0
3722,0.0
3725,0.0
3728,0.0
3730,1.0
3732,0.0
3733,0.0
3734,0.0
3735,1.0
3737,0.0
3738,1.0
3741,1.0
3743,0.0
3744,1.0
3747,1.0
3749,1.0
3750,1.0
3752,1.0
3753,0.0
3756,0.0
3757,0.0
3758,0.0
3760,1.0
3761,0.0
3762,0.0
3765,1.0
3767,0.0
3770,0.0
3771,1.0
3772,1.0
3773,0.0
3774,0.0
3776,0.0
3777,0.0
3778,0.0
3779,0.0
3781,0.0
3784,1.0
3785,1.0
3787,0.0
3789,1.0
3790,1.0
3793,0.0
3797,0.0
3801,0.0
3802,1.0
3805,0.0
3807,1.0
3809,0.0
3810,0.0
3812,1.0
3814,0.0
3817,1.0
3818,0.0
3820,1.0
3827,1.0
3828,1.0
3831,0.0
3832,1.0
3834,0.0
3835,1.0
3836,0.0
3837,1.0
3838,0.0
3839,0.0
3840,1.0
3841,1.0
3845,0.0
3847,0.0
3848,0.0
3849,0.0
3850,1.0
3856,0.0
3862,1.0
3865,0.0
3866,0.0
3867,0.0
3869,1.0
3870,1.0
3872,0.0
3873,0.0
3874,0.0
3876,0.0
3878,0.0
3879,0.0
3886,0.0
3888,1.0
3889,1.0
3890,1.0
3892,1.0
3893,1.0
3897,1.0
3898,1.0
3902,1.0
3903,0.0
3905,1.0
3908,0.0
3909,0.0
3910,1.0
3915,1.0
3916,0.0
3920,1.0
3921,1.0
3923,1.0
3924,1.0
3926,1.0
3927,0.0
3931,0.0
3933,1.0
3936,0.0
3938,1.0
3939,0.0
3940,0.0
3941,1.0
3942,1.0
3946,1.0
3947,0.0
3948,1.0
3949,1.0
3950,1.0
3951,1.0
3952,1.0
3955,0.0
3960,1.0
3962,1.0
3963,0.0
3964,0.0
3966,1.0
3967,1.0
3970,1.0
3971,1.0
3974,1.0
3975,1.0
3976,0.0
3978,1.0
3980,0.0
3983,1.0
3987,0.0
3989,0.0
3990,0.0
3991,0.0
3993,1.0
3994,0.0
3995,1.0
3996,0.0
3999,1.0
4001,1.0
4002,1.0
4006,1.0
4007,0.0
4010,1.0
4011,0.0
4013,1.0
4015,1.0
4016,1.0
4018,1.0
4019,1.0
4020,1.0
4021,1.0
4022,1.0
4024,1.0
4027,1.0
4030,1.0
4034,0.0
4038,1.0
4044,1.0
4046,1.0
4047,0.0
4048,1.0
4052,1.0
4053,1.0
4054,1.0
4055,0.0
4056,0.0
4057,1.0
4064,0.0
4069,1.0
4070,1.0
4074,0.0
4076,1.0
4077,1.0
4078,0.0
4079,1.0
4080,1.0
4081,1.0
4082,1.0
4083,1.0
4085,1.0
4087,0.0
4089,1.0
4091,1.0
4094,1.0
4095,0.0
4096,0.0
4097,0.0
4098,0.0
4102,0.0
4104,1.0
4106,0.0
4110,1.0
4112,1.0
4114,1.0
4115,0.0
4118,0.0
4119,1.0
4122,1.0
4125,1.0
4126,1.0
4128,1.0
4129,1.0
4130,1.0
4131,1.0
4133,0.0
4134,0.0
4137,1.0
4139,1.0
4143,0.0
4145,1.0
4146,0.0
4147,0.0
4150,1.0
4151,1.0
4153,1.0
4155,0.0
4157,1.0
4158,0.0
4160,0.0
4161,0.0
4162,1.0
4167,0.0
4168,1.0
4173,1.0
4174,0.0
4175,1.0
4179,1.0
4181,1.0
4184,1.0
4185,1.0
4186,1.0
4187,0.0
4188,1.0
4189,0.0
4191,1.0
4193,1.0
4194,1.0
4196,0.0
4198,1.0
4203,1.0
4209,0.0
4212,1.0
4215,1.0
4217,0.0
4218,0.0
4220,1.0
4223,1.0
4224,1.0
4225,1.0
4226,0.0
4228,1.0
4230,1.0
4232,1.0
4235,0.0
4236,1.0
4239,1.0
4240,1.0
4241,1.0
4242,1.0
4243,0.0
4245,1.0
4246,0.0
4247,1.0
4250,1.0
4251,0.0
4253,1.0
4254,0.0
4255,1.0
4257,1.0
4258,0.0
4259,0.0
4262,0.0
4264,1.0
4266,1.0
4267,1.0
4275,1.0
4276,1.0
4278,1.0
4281,1.0
4282,0.0
4283,0.0
4284,1.0
4286,1.0
4287,0.0
4290,1.0
4291,1.0
4293,1.0
4294,1.0
4297,0.0
4302,0.0
4303,1.0
4305,1.0
4309,0.0
4311,1.0
4312,1.0
4314,0.0
4318,1.0
4320,1.0
4321,0.0
4322,1.0
4325,0.0
4326,1.0
4331,1.0
4332,1.0
4333,1.0
4334,1.0
4338,0.0
4339,1.0
4341,0.0
4342,1.0
4343,1.0
4345,1.0
4350,0.0
4351,1.0
4352,1.0
4356,1.0
4359,1.0
4362,1.0
4363,0.0
4364,1.0
4367,1.0
4369,1.0
4371,1.0
4374,0.0
4375,1.0
4377,0.0
4381,1.0
4383,1.0
4385,1.0
4386,1.0
4387,0.0
4389,1.0
4390,1.0
4394,0.0
4396,1.0
4397,1.0
4399,0.0
4404,1.0
4407,0.0
4408,1.0
4409,1.0
4410,1.0
4412,1.0
4413,1.0
4415,1.0
4416,1.0
4417,1.0
4420,0.0
4422,1.0
4423,0.0
4425,1.0
4427,0.0
4429,1.0
4431,1.0
4434,1.0
4436,0.0
4437,1.0
4439,1.0
4443,1.0
4448,1.0
4450,1.0
4451,1.0
4455,1.0
4457,0.0
4459,1.0
4460,1.0
4461,1.0
4462,1.0
4463,1.0
4465,1.0
4471,1.0
4475,1.0
4476,1.0
4477,0.0
4478,0.0
4481,0.0
4482,1.0
4484,0.0
4485,1.0
4487,1.0
4489,1.0
4490,1.0
4491,1.0
4492,0.0
4494,1.0
4495,1.0
4496,0.0
4497,1.0
4498,0.0
4505,0.0
4506,1.0
4507,1.0
4508,0.0
4509,0.0
4512,0.0
4516,0.0
4517,0.0
4520,1.0
4521,1.0
4522,0.0
4523,1.0
4524,0.0
4525,1.0
4526,1.0
4528,1.0
4530,0.0
4531,0.0
4532,1.0
4534,1.0
4535,1.0
4538,0.0
4539,1.0
4542,1.0
4545,1.0
4548,1.0
4553,1.0
4555,0.0
4556,1.0
4557,0.0
4558,0.0
4559,1.0
4561,1.0
4562,1.0
4567,1.0
4568,1.0
4571,0.0
4572,0.0
4573,0.0
4579,1.0
4580,1.0
4581,0.0
4582,1.0
4583,1.0
4584,1.0
4586,1.0
4587,1.0
4589,0.0
4590,0.0
4591,1.0
4592,0.0
4594,1.0
4596,1.0
4599,1.0
4603,1.0
4606,1.0
4608,1.0
4609,1.0
4613,0.0
4614,1.0
4616,1.0
4617,1.0
4618,0.0
4619,1.0
4620,1.0
4621,1.0
4625,0.0
4626,1.0
4627,0.0
4629,1.0
4630,0.0
4631,0.0
4632,1.0
4633,1.0
4635,1.0
4636,1.0
4640,0.0
4641,1.0
4644,0.0
4645,1.0
4648,1.0
4654,1.0
4657,1.0
4661,0.0
4662,1.0
4663,1.0
4669,1.0
4670,1.0
4673,0.0
4674,0.0
4675,1.0
4678,1.0
4679,1.0
4681,1.0
4687,0.0
4688,1.0
4692,0.0
4694,1.0
4697,1.0
4701,1.0
4703,1.0
4704,1.0
4706,1.0
4707,1.0
4708,1.0
4709,1.0
4710,1.0
4711,1.0
4712,0.0
4713,0.0
4714,1.0
4715,1.0
4718,0.0
4720,0.0
4722,1.0
4724,1.0
4733,1.0
4734,1.0
4735,0.0
4736,1.0
4739,1.0
4740,0.0
4741,1.0
4742,1.0
4744,1.0
4745,1.0
4749,1.0
4755,0.0
4761,1.0
4765,0.0
4767,0.0
4769,1.0
4770,0.0
4771,1.0
4773,1.0
4774,1.0
4775,0.0
4776,0.0
4777,1.0
4778,1.0
4779,1.0
4780,1.0
4782,0.0
4784,1.0
4785,1.0
4786,1.0
4787,0.0
4791,1.0
4792,0.0
4795,1.0
4797,0.0
4798,0.0
4799,1.0
4801,1.0
4802,1.0
4805,1.0
4814,1.0
4815,1.0
4816,1.0
4818,1.0
4822,1.0
4823,0.0
4826,0.0
4827,1.0
4829,0.0
4835,0.0
4836,0.0
4845,1.0
4848,1.0
4851,1.0
4852,0.0
4853,1.0
4854,1.0
4855,1.0
4856,1.0
4857,0.0
4858,1.0
4860,1.0
4868,1.0
4869,1.0
4871,0.0
4873,0.0
4878,1.0
4880,1.0
4881,1.0
4886,1.0
4887,1.0
4888,1.0
4889,0.0
4890,0.0
4892,1.0
4893,1.0
4896,0.0
4897,0.0
4900,1.0
4901,1.0
4902,1.0
4903,1.0
4904,0.0
4905,1.0
4907,1.0
4908,1.0
4910,0.0
4912,1.0
4914,0.0
4915,0.0
4918,1.0
4919,1.0
4920,1.0
4921,1.0
4922,0.0
4923,1.0
4924,0.0
4928,0.0
4929,1.0
4934,1.0
4935,1.0
4936,1.0
4937,1.0
4941,1.0
4942,1.0
4943,0.0
4944,1.0
4946,1.0
4950,1.0
4954,1.0
4957,1.0
4958,0.0
4959,0.0
4962,1.0
4963,1.0
4964,1.0
4966,1.0
4967,1.0
4969,1.0
4971,0.0
4972,1.0
4974,0.0
4975,1.0
4976,1.0
4979,0.0
4981,1.0
4982,0.0
4983,1.0
4986,0.0
4987,0.0
4989,0.0
4991,1.0
4992,0.0
4994,1.0
4995,1.0
4997,1.0
4999,1.0
5002,1.0
5004,1.0
5005,1.0
5006,1.0
5007,1.0
5008,1.0
5011,1.0
5015,0.0
5016,1.0
5019,1.0
5020,1.0
5021,0.0
5022,1.0
5024,0.0
5025,0.0
5031,1.0
5033,1.0
5035,1.0
5038,0.0
5040,1.0
5041,0.0
5044,1.0
5045,0.0
5046,1.0
5047,1.0
5049,0.0
5052,1.0
5053,1.0
5054,0.0
5056,0.0
5058,1.0
5059,1.0
5061,1.0
5063,0.0
5064,0.0
5065,1.0
5066,1.0
5069,0.0
5071,0.0
5073,0.0
5074,1.0
5075,1.0
5076,1.0
5077,0.0
5079,0.0
5080,1.0
5083,0.0
5087,0.0
5088,0.0
5093,1.0
5094,1.0
5096,1.0
5097,1.0
5100,1.0
5101,1.0
5102,1.0
5103,1.0
5104,0.0
5105,1.0
5106,1.0
5107,1.0
5109,1.0
5110,0.0
5111,0.0
5112,0.0
5114,0.0
5115,0.0
5116,1.0
5118,1.0
5121,1.0
5123,1.0
5124,0.0
5125,1.0
5126,0.0
5127,1.0
5131,0.0
5134,0.0
5135,1.0
5136,1.0
5137,0.0
5139,0.0
5140,1.0
5141,1.0
5144,0.0
5145,1.0
5146,0.0
5155,1.0
5157,0.0
5158,1.0
5160,0.0
5163,1.0
5165,1.0
5166,1.0
5169,1.0
5170,0.0
5171,1.0
5172,1.0
5173,1.0
5176,0.0
5178,1.0
5179,1.0
5180,0.0
5181,1.0
5183,0.0
5184,0.0
5187,1.0
5188,1.0
5189,0.0
5193,0.0
5196,0.0
5197,0.0
5198,1.0
5201,0.0
5202,0.0
5203,0.0
5204,1.0
5205,0.0
5206,0.0
5207,0.0
5208,0.0
5209,0.0
5210,0.0
5212,0.0
5216,0.0
5217,0.0
5218,0.0
5220,1.0
5221,1.0
5222,1.0
5223,1.0
5226,0.0
5227,1.0
5228,1.0
5230,0.0
5233,1.0
5236,0.0
5238,0.0
5241,1.0
5247,0.0
5248,0.0
5249,0.0
5252,0.0
5254,0.0
5255,0.0
5256,1.0
5257,0.0
5260,0.0
5267,1.0
5268,0.0
5269,0.0
5272,0.0
5274,0.0
5275,0.0
5276,1.0
5277,1.0
5281,0.0
5284,0.0
5290,0.0
5294,0.0
5298,0.0
5300,0.0
5306,0.0
5307,0.0
5310,1.0
5318,1.0
5320,0.0
5321,1.0
5322,1.0
5325,0.0
5329,0.0
5330,0.0
5333,0.0
5334,0.0
5337,0.0
5341,1.0
5343,0.0
5347,1.0
5349,1.0
5350,1.0
5353,0.0
5354,0.0
5357,0.0
5358,1.0
5361,0.0
5362,0.0
5363,0.0
5364,0.0
5369,0.0
5372,0.0
5374,1.0
5375,1.0
5376,1.0
5377,1.0
5379,1.0
5380,1.0
5382,0.0
5383,1.0
5384,1.0
5385,0.0
5389,0.0
5390,0.0
5391,0.0
5392,0.0
5393,0.0
5395,1.0
5397,0.0
5399,0.0
5401,1.0
5402,1.0
5403,0.0
5404,1.0
5405,0.0
5406,1.0
5407,0.0
5408,1.0
5410,1.0
5411,1.0
5413,1.0
5415,1.0
5416,0.0
5417,1.0
5418,0.0
5419,1.0
5424,1.0
5427,1.0
5430,0.0
5434,1.0
5442,0.0
5444,1.0
5445,0.0
5446,1.0
5449,0.0
5452,1.0
5455,0.0
5456,0.0
5458,1.0
5460,1.0
5461,1.0
5462,1.0
5463,1.0
5464,0.0
5467,0.0
5470,1.0
5471,1.0
5472,1.0
5475,0.0
5482,1.0
5484,0.0
5488,1.0
5489,0.0
5490,1.0
5491,1.0
5493,1.0
5499,1.0
5501,0.0
5503,1.0
5505,1.0
5506,0.0
5509,0.0
5510,0.0
5511,1.0
5513,1.0
5514,1.0
5517,1.0
5519,1.0
5520,0.0
5526,1.0
5531,0.0
5534,0.0
5536,0.0
5537,1.0
5538,1.0
5540,0.0
5541,1.0
5542,1.0
5543,1.0
5546,1.0
5548,0.0
5549,1.0
5550,1.0
5551,1.0
5556,1.0
5557,1.0
5559,1.0
5562,1.0
5564,1.0
5566,1.0
5567,1.0
5568,1.0
5570,1.0
5574,1.0
5579,0.0
5580,1.0
5581,0.0
5582,0.0
5583,1.0
5585,0.0
5586,1.0
5591,1.0
5592,1.0
5593,1.0
5594,0.0
5596,0.0
5597,0.0
5599,0.0
5600,1.0
5603,0.0
5604,0.0
5606,0.0
5609,0.0
5610,0.0
5615,1.0
5618,0.0
5619,0.0
5620,1.0
5627,1.0
5628,0.0
5631,1.0
5632,1.0
5633,1.0
5635,1.0
5637,1.0
5638,0.0
5640,0.0
5642,0.0
5645,1.0
5647,0.0
5649,0.0
5651,0.0
5652,0.0
5659,0.0
5660,0.0
5662,0.0
5663,1.0
5666,0.0
5667,0.0
5671,1.0
5673,1.0
5674,1.0
5675,1.0
5676,0.0
5677,0.0
5678,0.0
5680,0.0
5682,1.0
5686,0.0
5687,0.0
5689,1.0
5691,1.0
5692,1.0
5693,0.0
5694,0.0
5698,1.0
5699,1.0
5701,0.0
5703,0.0
5704,1.0
5706,1.0
5708,1.0
5710,0.0
5711,0.0
5713,0.0
5716,0.0
5717,0.0
5718,1.0
5720,0.0
5721,0.0
5722,1.0
5726,1.0
5727,0.0
5728,0.0
5732,1.0
5736,1.0
5739,0.0
5740,0.0
5741,0.0
5742,0.0
5746,1.0
5747,0.0
5749,0.0
5750,0.0
5752,0.0
5753,1.0
5754,1.0
5756,0.0
5757,0.0
5759,1.0
5763,1.0
5765,0.0
5766,0.0
5768,0.0
5769,0.0
5770,0.0
5771,0.0
5772,1.0
5773,0.0
5774,0.0
5775,1.0
5777,1.0
5779,1.0
5783,1.0
5784,1.0
5785,1.0
5787,1.0
5788,1.0
5789,0.0
5792,0.0
5796,0.0
5799,1.0
5800,0.0
5802,0.0
5803,0.0
5806,0.0
5810,1.0
5814,0.0
5816,1.0
5817,0.0
5818,1.0
5819,1.0
5820,0.0
5823,0.0
5824,0.0
5827,0.0
5829,0.0
5830,1.0
5831,0.0
5833,0.0
5834,1.0
5836,0.0
5839,0.0
5840,0.0
5843,0.0
5845,1.0
5849,0.0
5852,0.0
5853,0.0
5854,1.0
5856,0.0
5857,0.0
5859,1.0
5861,0.0
5863,1.0
5864,0.0
5865,1.0
5868,1.0
5869,0.0
5870,0.0
5874,1.0
5875,0.0
5876,1.0
5879,0.0
5880,0.0
5882,0.0
5883,0.0
5885,1.0
5886,0.0
5887,1.0
5888,0.0
5891,0.0
5893,1.0
5894,0.0
5895,1.0
5898,0.0
5899,0.0
5900,1.0
5901,0.0
5903,0.0
5905,0.0
5906,1.0
5910,0.0
5911,0.0
5912,1.0
5914,0.0
5918,0.0
5919,0.0
5922,0.0
5923,0.0
5924,1.0
5929,0.0
5931,1.0
5932,0.0
5933,0.0
5934,1.0
5937,0.0
5938,0.0
5942,1.0
5944,1.0
5945,0.0
5946,1.0
5947,0.0
5949,1.0
5953,1.0
5954,1.0
5957,0.0
5958,0.0
5961,1.0
5962,0.0
5963,0.0
5965,0.0
5966,0.0
5967,0.0
5970,0.0
5971,1.0
5972,0.0
5979,0.0
5980,0.0
5981,0.0
5984,0.0
5986,0.0
5987,1.0
5989,0.0
5990,0.0
5993,0.0
5994,0.0
5996,0.0
5998,0.0
6000,1.0
6001,0.0
6004,1.0
6005,0.0
6010,1.0
6012,0.0
6014,0.0
6015,1.0
6017,1.0
6021,1.0
6022,1.0
6023,0.0
6025,0.0
6026,1.0
6027,0.0
6028,1.0
6029,0.0
6030,0.0
6031,0.0
6033,1.0
6034,0.0
6038,1.0
6040,0.0
6042,1.0
6047,1.0
6048,0.0
6049,0.0
6053,0.0
6057,1.0
6060,0.0
6063,0.0
6064,0.0
6066,0.0
6067,0.0
6068,0.0
6069,1.0
6072,0.0
6073,0.0
6074,1.0
6075,0.0
6076,1.0
6081,0.0
6083,0.0
6085,0.0
6086,1.0
6089,1.0
6091,0.0
6092,0.0
6094,0.0
6095,1.0
6098,1.0
6099,0.0
6100,0.0
6101,0.0
6105,0.0
6106,0.0
6111,0.0
6112,1.0
6115,0.0
6116,1.0
6117,1.0
6118,0.0
6119,0.0
6120,1.0
6121,1.0
6124,1.0
6125,1.0
6126,0.0
6127,0.0
6128,1.0
6131,0.0
6133,0.0
6134,0.0
6135,1.0
6136,0.0
6137,0.0
6139,1.0
6142,1.0
6144,0.0
6145,1.0
6146,0.0
6147,0.0
6149,1.0
6151,0.0
6152,0.0
6154,0.0
6157,0.0
6158,0.0
6162,0.0
6163,0.0
6168,0.0
6169,1.0
6171,0.0
6172,0.0
6173,0.0
6180,0.0
6182,0.0
6183,0.0
6185,0.0
6186,0.0
6188,1.0
6189,1.0
6191,0.0
6192,1.0
6195,0.0
6197,0.0
6199,0.0
6202,1.0
6203,1.0
6206,0.0
6208,0.0
6209,0.0
6211,0.0
6214,0.0
6215,0.0
6216,0.0
6218,0.0
6219,1.0
6220,0.0
6221,1.0
6223,1.0
6224,1.0
6226,0.0
6228,1.0
6232,0.0
6235,1.0
6236,0.0
6237,1.0
6238,0.0
6241,0.0
6243,0.0
6245,0.0
6247,0.0
6248,0.0
6253,0.0
6255,1.0
6256,1.0
6258,0.0
6259,0.0
6260,1.0
6262,0.0
6263,1.0
6264,1.0
6266,0.0
6267,1.0
6269,1.0
6270,0.0
6274,0.0
6275,1.0
6276,0.0
6277,0.0
6280,0.0
6282,0.0
6284,0.0
6288,1.0
6289,1.0
6290,0.0
6291,1.0
6292,0.0
6295,0.0
6296,1.0
6297,0.0
6298,0.0
6302,1.0
6303,1.0
6304,0.0
6305,0.0
6306,0.0
6307,0.0
6308,0.0
6310,0.0
6311,1.0
6313,0.0
6316,0.0
6317,0.0
6318,0.0
6319,0.0
6320,0.0
6325,0.0
6328,0.0
6329,0.0
6330,1.0
6331,1.0
6332,0.0
6335,0.0
6336,0.0
6338,0.0
6339,0.0
6340,0.0
6343,0.0
6344,0.0
6345,0.0
6346,0.0
6347,0.0
6348,0.0
6349,1.0
6350,1.0
6352,1.0
6353,0.0
6354,0.0
6355,1.0
6356,0.0
6358,0.0
6361,0.0
6362,0.0
6363,1.0
6366,0.0
6368,0.0
6369,0.0
6373,0.0
6375,1.0
6377,1.0
6379,1.0
6380,1.0
6381,1.0
6382,0.0
6384,0.0
6388,1.0
6391,0.0
6392,0.0
6393,0.0
6395,1.0
6396,1.0
6400,0.0
6401,1.0
6403,1.0
6408,1.0
6410,1.0
6411,1.0
6413,0.0
6414,0.0
6416,0.0
6418,0.0
6419,1.0
6420,0.0
6421,1.0
6423,0.0
6424,1.0
6426,0.0
6428,0.0
6429,0.0
6430,0.0
6432,1.0
6435,0.0
6436,0.0
6439,0.0
6440,0.0
6441,1.0
6444,0.0
6445,0.0
6446,0.0
6452,0.0
6453,0.0
6454,0.0
6456,0.0
6457,0.0
6458,0.0
6459,0.0
6460,1.0
6461,1.0
6463,0.0
6466,0.0
6468,0.0
6470,0.0
6472,0.0
6474,1.0
6476,1.0
6478,1.0
6479,0.0
6480,0.0
6484,0.0
6487,0.0
6493,0.0
6494,0.0
6495,0.0
6496,1.0
6497,0.0
6498,0.0
6499,0.0
6502,1.0
6505,0.0
6506,0.0
6507,1.0
6508,0.0
6509,0.0
6510,1.0
6512,0.0
6513,0.0
6516,1.0
6521,1.0
6523,0.0
6524,0.0
6525,0.0
6527,1.0
6528,0.0
6530,0.0
6532,0.0
6534,1.0
6535,0.0
6537,0.0
6538,0.0
6540,0.0
6541,1.0
6543,0.0
6545,1.0
6546,1.0
6549,0.0
6550,1.0
6551,0.0
6552,1.0
6553,1.0
6555,1.0
6557,1.0
6561,0.0
6569,0.0
6571,1.0
6580,1.0
6581,0.0
6582,0.0
6583,0.0
6585,0.0
6591,0.0
6593,0.0
6594,0.0
6596,1.0
6599,1.0
6600,0.0
6602,0.0
6612,0.0
6614,1.0
6618,0.0
6622,0.0
6626,0.0
6627,1.0
6630,0.0
6631,1.0
6633,1.0
6634,0.0
6635,1.0
6637,1.0
6638,0.0
6640,1.0
6641,0.0
6642,0.0
6643,1.0
6645,1.0
6646,0.0
6648,0.0
6649,0.0
6651,0.0
6652,0.0
6657,0.0
6658,0.0
6661,0.0
6662,0.0
6665,1.0
6666,0.0
6667,1.0
6676,1.0
6677,0.0
6678,1.0
6679,1.0
6681,0.0
6685,0.0
6687,0.0
6688,1.0
6689,1.0
6690,0.0
6693,0.0
6694,1.0
6695,0.0
6698,1.0
6699,1.0
6703,1.0
6704,0.0
6705,0.0
6708,0.0
6711,1.0
6712,0.0
6713,0.0
6714,0.0
6715,0.0
6717,0.0
6721,1.0
6723,0.0
6725,0.0
6726,0.0
6727,0.0
6728,1.0
6729,1.0
6730,1.0
6732,1.0
6734,0.0
6736,0.0
6738,1.0
6739,1.0
6740,1.0
6741,0.0
6743,1.0
6745,0.0
6747,0.0
6749,1.0
6750,0.0
6751,0.0
6757,1.0
6759,0.0
6760,0.0
6761,1.0
6762,0.0
6765,0.0
6767,1.0
6771,0.0
6773,0.0
6774,0.0
6775,0.0
6777,1.0
6780,1.0
6781,1.0
6784,1.0
6788,0.0
6790,1.0
6792,1.0
6793,0.0
6795,0.0
6798,1.0
6799,1.0
6800,1.0
6802,0.0
6810,0.0
6813,0.0
6814,0.0
6816,0.0
6817,1.0
6821,0.0
6822,0.0
6824,1.0
6826,0.0
6830,0.0
6831,0.0
6832,0.0
6837,0.0
6840,0.0
6841,1.0
6845,0.0
6846,1.0
6849,0.0
6850,0.0
6851,0.0
6852,1.0
6853,0.0
6854,1.0
6856,0.0
6857,1.0
6861,0.0
6862,1.0
6864,0.0
6865,1.0
6866,0.0
6867,0.0
6869,0.0
6870,0.0
6871,0.0
6872,0.0
6875,0.0
6878,1.0
6879,0.0
6880,0.0
6881,0.0
6886,1.0
6887,0.0
6888,0.0
6890,0.0
6891,0.0
6893,1.0
6894,1.0
6895,1.0
6896,1.0
6897,1.0
6898,1.0
6901,1.0
6902,1.0
6903,1.0
6906,0.0
6907,0.0
6909,0.0
6911,1.0
6915,0.0
6918,1.0
6920,0.0
6922,0.0
6924,0.0
6925,1.0
6926,0.0
6928,0.0
6929,0.0
6930,0.0
6932,0.0
6933,0.0
6934,0.0
6935,0.0
6936,1.0
6939,1.0
6940,0.0
6942,0.0
6946,1.0
6949,1.0
6953,0.0
6955,0.0
6958,0.0
6959,1.0
6960,0.0
6961,0.0
6962,0.0
6967,0.0
6968,1.0
6971,0.0
6972,1.0
6973,0.0
6974,1.0
6976,1.0
6980,0.0
6982,0.0
6986,0.0
6988,0.0
6989,0.0
6992,1.0
6995,0.0
6996,0.0
6997,0.0
6998,1.0
7002,1.0
7004,0.0
7005,0.0
7006,0.0
7008,1.0
7010,1.0
7013,1.0
7016,0.0
7017,1.0
7018,0.0
7019,0.0
7020,0.0
7021,0.0
7024,0.0
7028,1.0
7029,0.0
7032,1.0
7033,1.0
7034,0.0
7038,1.0
7039,0.0
7040,0.0
7041,1.0
7042,0.0
7043,0.0
7044,1.0
7045,0.0
7046,1.0
7048,0.0
7050,0.0
7054,0.0
7061,0.0
7062,0.0
7064,1.0
7065,0.0
7066,0.0
7067,0.0
7069,1.0
7073,0.0
7074,0.0
7078,0.0
7079,0.0
7085,1.0
7087,0.0
7089,1.0
7091,0.0
7092,0.0
7093,1.0
7094,0.0
7095,0.0
7096,1.0
7097,0.0
7100,0.0
7102,0.0
7105,0.0
7106,0.0
7107,0.0
7108,0.0
7110,0.0
7113,0.0
7114,0.0
7116,0.0
7119,1.0
7120,1.0
7122,0.0
7123,0.0
7125,0.0
7131,0.0
7132,1.0
7133,0.0
7134,0.0
7136,0.0
7137,0.0
7138,0.0
7140,1.0
7141,1.0
7142,0.0
7143,0.0
7144,1.0
7145,0.0
7146,1.0
7148,1.0
7151,0.0
7153,1.0
7156,1.0
7157,1.0
7160,0.0
7163,1.0
7164,1.0
7166,1.0
7169,0.0
7170,0.0
7172,0.0
7173,0.0
7177,0.0
7180,0.0
7181,1.0
7182,0.0
7183,0.0
7184,0.0
7185,1.0
7188,1.0
7189,1.0
7190,0.0
7193,1.0
7194,1.0
7195,0.0
7196,0.0
7198,0.0
7201,0.0
7206,0.0
7207,0.0
7208,0.0
7211,0.0
7214,0.0
7216,0.0
7224,0.0
7226,0.0
7228,1.0
7229,0.0
7231,0.0
7232,1.0
7233,1.0
7234,0.0
7236,0.0
7237,0.0
7239,0.0
7240,1.0
7241,0.0
7244,0.0
7245,1.0
7249,0.0
7253,0.0
7259,1.0
7262,0.0
7264,0.0
7267,0.0
7268,0.0
7269,1.0
7270,0.0
7272,0.0
7273,0.0
7275,0.0
7277,0.0
7278,0.0
7279,1.0
7281,0.0
7283,0.0
7284,0.0
7287,0.0
7288,0.0
7289,0.0
7290,0.0
7291,1.0
7293,0.0
7294,1.0
7295,0.0
7300,1.0
7302,0.0
7304,0.0
7305,0.0
7306,0.0
7307,0.0
7308,0.0
7309,0.0
7311,1.0
7312,0.0
7315,1.0
7318,1.0
7321,1.0
7322,1.0
7323,0.0
7324,0.0
7325,0.0
7327,0.0
7328,1.0
7333,0.0
7334,0.0
7336,1.0
7338,0.0
7341,0.0
7344,0.0
7349,1.0
7354,0.0
7357,0.0
7359,0.0
7361,1.0
7362,0.0
7364,0.0
7366,1.0
7367,1.0
7368,0.0
7375,1.0
7376,0.0
7377,0.0
7380,0.0
7381,0.0
7382,0.0
7383,0.0
7384,0.0
7385,0.0
7386,0.0
7387,1.0
7389,1.0
7391,0.0
7393,0.0
7395,1.0
7399,0.0
7401,0.0
7403,1.0
7405,1.0
7406,0.0
7408,0.0
7409,0.0
7410,0.0
7412,1.0
7414,1.0
7420,0.0
7422,0.0
7423,0.0
7425,0.0
7426,0.0
7428,0.0
7429,1.0
7430,0.0
7431,0.0
7432,0.0
7433,0.0
7436,1.0
7437,0.0
7438,0.0
7440,1.0
7441,0.0
7442,0.0
7443,0.0
7447,0.0
7449,1.0
7453,0.0
7454,0.0
7456,0.0
7458,0.0
7459,0.0
7460,0.0
7463,0.0
7464,0.0
7466,0.0
7467,0.0
7471,0.0
7472,0.0
7473,1.0
7475,0.0
7476,0.0
7477,1.0
7479,0.0
7482,0.0
7484,0.0
7485,0.0
7487,0.0
7489,0.0
7490,1.0
7497,0.0
7498,1.0
7499,0.0
7500,1.0
7506,0.0
7507,0.0
7509,0.0
7510,0.0
7512,1.0
7513,0.0
7514,0.0
7515,1.0
7516,1.0
7517,0.0
7518,0.0
7519,0.0
7521,0.0
7522,0.0
7524,0.0
7527,0.0
7529,1.0
7530,1.0
7532,1.0
7533,0.0
7534,1.0
7535,0.0
7536,0.0
7537,0.0
7540,0.0
7541,1.0
7542,0.0
7543,0.0
7545,0.0
7546,1.0
7547,0.0
7549,0.0
7551,0.0
7554,0.0
7555,1.0
7556,0.0
7559,0.0
7560,1.0
7563,0.0
7564,0.0
7565,0.0
7566,0.0
7568,1.0
7570,0.0
7574,1.0
7576,1.0
7578,0.0
7581,1.0
7582,1.0
7583,1.0
7586,0.0
7587,0.0
7588,1.0
7589,0.0
7590,0.0
7591,0.0
7593,1.0
7594,0.0
7595,0.0
7597,0.0
7598,0.0
7602,1.0
7604,0.0
7606,0.0
7607,1.0
7608,0.0
7612,1.0
7613,0.0
7615,1.0
7616,0.0
7617,0.0
7619,0.0
7620,1.0
7623,0.0
7624,1.0
7625,0.0
7628,0.0
7629,0.0
7631,1.0
7635,1.0
7636,1.0
7637,1.0
7639,0.0
7640,0.0
7641,0.0
7642,1.0
7644,0.0
7650,1.0
7651,1.0
7654,0.0
7656,0.0
7657,0.0
7658,0.0
7661,1.0
7662,0.0
7664,1.0
7666,0.0
7667,0.0
7668,0.0
7669,0.0
7670,1.0
7672,0.0
7674,1.0
7675,0.0
7676,1.0
7677,0.0
7678,0.0
7679,1.0
7682,1.0
7685,0.0
7686,1.0
7687,0.0
7689,0.0
7691,0.0
7692,0.0
7693,0.0
7694,1.0
7695,0.0
7696,0.0
7697,1.0
7699,1.0
7700,0.0
7704,0.0
7710,0.0
7711,0.0
7712,0.0
7716,0.0
7718,1.0
7719,1.0
7720,0.0
7728,0.0
7729,0.0
7730,0.0
7734,1.0
7735,0.0
7741,1.0
7743,0.0
7744,0.0
7749,0.0
7750,0.0
7753,0.0
7754,0.0
7755,0.0
7756,0.0
7758,0.0
7759,0.0
7760,1.0
7761,0.0
7763,1.0
7764,0.0
7765,0.0
7766,0.0
7767,0.0
7768,1.0
7770,0.0
7772,1.0
7776,0.0
7781,1.0
7783,0.0
7784,0.0
7785,0.0
7789,1.0
7790,0.0
7792,0.0
7793,1.0
7794,1.0
7795,0.0
7796,1.0
7798,0.0
7800,0.0
7802,0.0
7804,1.0
7807,0.0
7808,1.0
7812,0.0
7813,0.0
7819,1.0
7823,0.0
7826,1.0
7827,0.0
7832,0.0
7837,1.0
7839,0.0
7841,0.0
7843,0.0
7845,0.0
7846,1.0
7848,0.0
7851,1.0
7852,0.0
7853,1.0
7854,0.0
7857,0.0
7860,1.0
7865,0.0
7866,1.0
7872,0.0
7873,1.0
7874,0.0
7875,1.0
7877,0.0
7878,0.0
7881,0.0
7882,1.0
7883,0.0
7884,0.0
7885,0.0
7888,0.0
7889,0.0
7892,0.0
7894,1.0
7896,1.0
7897,0.0
7898,0.0
7901,0.0
7902,0.0
7904,1.0
7908,1.0
7909,0.0
7911,0.0
7914,1.0
7915,0.0
7917,0.0
7919,1.0
7923,0.0
7925,1.0
7926,0.0
7928,0.0
7934,1.0
7935,0.0
7936,1.0
7939,1.0
7940,0.0
7942,1.0
7943,1.0
7944,0.0
7945,0.0
7946,0.0
7951,1.0
7953,0.0
7955,0.0
7957,0.0
7960,0.0
7961,0.0
7962,0.0
7964,1.0
7966,0.0
7968,0.0
7971,1.0
7972,1.0
7974,0.0
7978,0.0
7985,0.0
7986,1.0
7987,0.0
7988,0.0
7991,1.0
7998,0.0
7999,0.0
8000,1.0
8001,0.0
8002,0.0
8003,1.0
8004,0.0
8006,0.0
8007,0.0
8010,0.0
8011,0.0
8013,1.0
8014,1.0
8016,0.0
8017,1.0
8019,1.0
8020,0.0
8022,0.0
8024,0.0
8027,1.0
8028,1.0
8029,1.0
8030,0.0
8031,1.0
8032,0.0
8034,1.0
8036,0.0
8037,1.0
8040,0.0
8041,0.0
8043,0.0
8045,0.0
8046,1.0
8047,0.0
8049,0.0
8050,0.0
8055,1.0
8057,1.0
8058,0.0
8059,0.0
8061,0.0
8062,0.0
8063,0.0
8065,0.0
8069,1.0
8070,0.0
8073,1.0
8074,0.0
8076,1.0
8078,0.0
8079,0.0
8080,1.0
8081,1.0
8082,1.0
8083,1.0
8087,0.0
8093,1.0
8094,0.0
8097,1.0
8104,0.0
8105,1.0
8106,0.0
8107,0.0
8109,0.0
8110,0.0
8111,0.0
8112,0.0
8114,1.0
8115,0.0
8116,1.0
8118,0.0
8120,1.0
8121,0.0
8122,1.0
8123,0.0
8124,1.0
8126,1.0
8127,0.0
8128,0.0
8131,0.0
8132,0.0
8135,1.0
8136,0.0
8137,1.0
8139,0.0
8140,1.0
8142,0.0
8143,0.0
8144,1.0
8145,0.0
8146,1.0
8148,0.0
8149,0.0
8153,1.0
8156,0.0
8157,0.0
8159,0.0
8160,0.0
8161,0.0
8162,0.0
8163,1.0
8164,0.0
8165,0.0
8166,0.0
8169,1.0
8171,1.0
8173,0.0
8174,0.0
8175,0.0
8176,1.0
8180,0.0
8181,1.0
8183,0.0
8184,1.0
8185,0.0
8189,1.0
8190,0.0
8191,0.0
8192,1.0
8194,0.0
8197,1.0
8198,1.0
8200,0.0
8201,0.0
8203,0.0
8205,0.0
8206,0.0
8207,0.0
8208,0.0
8209,1.0
8210,0.0
8211,0.0
8213,0.0
8218,0.0
8219,1.0
8220,0.0
8221,0.0
8222,0.0
8223,0.0
8232,0.0
8238,0.0
8240,1.0
8243,0.0
8244,0.0
8245,0.0
8248,1.0
8249,1.0
8250,1.0
8251,0.0
8253,0.0
8255,0.0
8256,0.0
8257,0.0
8259,0.0
8261,1.0
8263,0.0
8264,0.0
8266,0.0
8268,0.0
8269,1.0
8270,0.0
8273,1.0
8275,0.0
8277,0.0
8278,1.0
8279,0.0
8280,0.0
8281,1.0
8282,1.0
8284,1.0
8285,0.0
8286,1.0
8287,0.0
8296,1.0
8299,0.0
8304,0.0
8307,0.0
8308,1.0
8311,1.0
8312,0.0
8315,1.0
8316,0.0
8318,1.0
8319,0.0
8320,0.0
8321,0.0
8322,1.0
8323,1.0
8324,1.0
8325,0.0
8326,0.0
8329,0.0
8333,1.0
8335,0.0
8336,0.0
8341,0.0
8343,0.0
8345,1.0
8350,0.0
8353,1.0
8354,0.0
8356,0.0
8358,1.0
8359,1.0
8360,0.0
8361,0.0
8362,0.0
8363,0.0
8368,0.0
8369,1.0
8370,0.0
8376,0.0
8379,0.0
8380,0.0
8381,1.0
8382,0.0
8384,0.0
8385,0.0
8386,0.0
8389,0.0
8390,0.0
8391,0.0
8392,0.0
8395,0.0
8397,0.0
8399,0.0
8401,0.0
8402,0.0
8403,1.0
8404,0.0
8405,0.0
8406,0.0
8410,1.0
8413,0.0
8417,0.0
8418,0.0
8420,0.0
8422,0.0
8423,0.0
8425,0.0
8427,0.0
8428,1.0
8429,1.0
8430,0.0
8431,0.0
8432,0.0
8433,1.0
8435,0.0
8438,0.0
8440,0.0
8445,0.0
8447,1.0
8449,0.0
8450,0.0
8451,0.0
8453,1.0
8455,0.0
8459,1.0
8460,0.0
8462,1.0
8463,1.0
8464,1.0
8465,1.0
8466,0.0
8467,1.0
8469,0.0
8470,0.0
8471,0.0
8473,1.0
8474,1.0
8477,0.0
8478,0.0
8481,1.0
8482,0.0
8483,0.0
8485,0.0
8486,1.0
8487,1.0
8491,0.0
8495,0.0
8498,0.0
8499,0.0
8500,0.0
8502,0.0
8503,1.0
8504,0.0
8505,0.0
8506,0.0
8508,0.0
8510,0.0
8511,0.0
8512,0.0
8513,1.0
8514,1.0
8515,0.0
8518,0.0
8519,0.0
8520,0.0
8521,0.0
8522,0.0
8526,0.0
8527,0.0
8530,0.0
8533,0.0
8534,0.0
8535,0.0
8536,0.0
8537,1.0
8538,1.0
8540,1.0
8541,0.0
8543,0.0
8544,0.0
8545,1.0
8551,0.0
8554,1.0
8556,1.0
8559,0.0
8560,0.0
8561,0.0
8564,0.0
8569,1.0
8570,0.0
8576,0.0
8577,0.0
8580,0.0
8582,0.0
8583,0.0
8586,0.0
8587,1.0
8589,1.0
8591,0.0
8592,0.0
8593,0.0
8594,0.0
8595,0.0
8597,1.0
8598,1.0
8600,0.0
8601,1.0
8603,0.0
8604,0.0
8606,0.0
8608,0.0
8609,0.0
8610,0.0
8611,0.0
8617,0.0
8620,0.0
8626,0.0
8627,0.0
8629,1.0
8630,1.0
8631,0.0
8633,0.0
8635,0.0
8637,0.0
8638,1.0
8641,1.0
8644,0.0
8645,1.0
8648,0.0
8652,0.0
8653,0.0
8654,0.0
8655,0.0
8657,0.0
8659,0.0
8661,0.0
8662,0.0
8667,0.0
8669,0.0
8671,0.0
8672,0.0
8675,0.0
8676,0.0
8681,0.0
8684,0.0
8685,0.0
8686,0.0
8687,1.0
8690,1.0
8695,0.0
8696,0.0
8699,1.0
8700,0.0
8702,0.0
8705,0.0
8708,0.0
8709,1.0
8714,1.0
8718,0.0
8720,0.0
8721,1.0
8724,0.0
8725,0.0
8728,0.0
8730,0.0
8731,1.0
8734,1.0
8737,1.0
8739,0.0
8741,1.0
8742,0.0
8745,0.0
8748,0.0
8749,1.0
8750,1.0
8751,1.0
8753,0.0
8755,1.0
8756,0.0
8759,0.0
8763,1.0
8765,1.0
8767,0.0
8772,1.0
8775,1.0
8777,1.0
8779,0.0
8783,1.0
8788,0.0
8789,0.0
8799,1.0
8802,0.0
8803,1.0
8806,0.0
8807,1.0
8808,1.0
8811,0.0
8812,0.0
8813,1.0
8814,1.0
8817,0.0
8819,1.0
8822,0.0
8823,0.0
8824,0.0
8828,0.0
8829,1.0
8832,0.0
8833,0.0
8834,1.0
8838,0.0
8840,0.0
8844,1.0
8847,1.0
8849,1.0
8851,0.0
8853,1.0
8855,0.0
8856,1.0
8857,0.0
8858,0.0
8859,0.0
8860,0.0
8864,0.0
8865,0.0
8867,1.0
8868,1.0
8870,0.0
8871,0.0
8872,0.0
8873,0.0
8874,1.0
8875,0.0
8877,0.0
8879,1.0
8880,1.0
8881,1.0
8882,1.0
8883,1.0
8884,0.0
8885,1.0
8891,0.0
8893,0.0
8894,0.0
8896,1.0
8899,1.0
8901,1.0
8905,0.0
8907,0.0
8914,0.0
8915,0.0
8916,0.0
8918,0.0
8920,0.0
8921,1.0
8925,1.0
8930,0.0
8933,0.0
8934,1.0
8935,1.0
8938,0.0
8939,1.0
8941,0.0
8945,1.0
8949,0.0
8950,0.0
8951,0.0
8953,0.0
8954,0.0
8955,0.0
8961,0.0
8962,0.0
8966,0.0
8968,1.0
8969,1.0
8970,1.0
8973,1.0
8975,1.0
8978,0.0
8979,0.0
8980,1.0
8981,0.0
8984,0.0
8985,1.0
8990,0.0
8991,1.0
8993,0.0
8995,1.0
8997,1.0
8999,0.0
9002,0.0
9004,0.0
9006,1.0
9010,0.0
9013,0.0
9018,1.0
9020,0.0
9023,0.0
9026,0.0
9027,0.0
9030,1.0
9031,1.0
9032,0.0
9034,0.0
9037,1.0
9042,0.0
9044,1.0
9045,0.0
9047,1.0
9048,1.0
9049,1.0
9053,0.0
9054,0.0
9058,0.0
9063,0.0
9067,1.0
9068,1.0
9071,1.0
9072,1.0
9075,0.0
9076,0.0
9079,1.0
9081,0.0
9082,1.0
9083,1.0
9084,0.0
9085,1.0
9086,1.0
9088,0.0
9089,1.0
9091,0.0
9092,1.0
9093,0.0
9094,0.0
9096,1.0
9097,0.0
9098,0.0
9099,0.0
9103,0.0
9104,0.0
9105,1.0
9109,1.0
9110,1.0
9111,1.0
9112,0.0
9113,1.0
9117,1.0
9122,0.0
9126,0.0
9127,1.0
9128,0.0
9131,1.0
9132,0.0
9133,0.0
9141,0.0
9145,0.0
9146,1.0
9148,0.0
9151,1.0
9152,1.0
9154,0.0
9155,0.0
9157,0.0
9159,0.0
9160,1.0
9161,0.0
9163,0.0
9164,1.0
9165,0.0
9167,0.0
9175,0.0
9176,0.0
9177,0.0
9179,0.0
9180,0.0
9181,0.0
9183,1.0
9184,0.0
9185,1.0
9186,0.0
9187,1.0
9193,1.0
9195,0.0
9199,0.0
9200,1.0
9201,1.0
9202,0.0
9204,0.0
9206,1.0
9208,1.0
9217,1.0
9219,0.0
9220,1.0
9221,1.0
9222,0.0
9227,0.0
9228,0.0
9231,0.0
9235,1.0
9238,0.0
9239,0.0
9240,0.0
9243,1.0
9245,0.0
9248,0.0
9250,0.0
9252,0.0
9255,1.0
9256,0.0
9257,0.0
9259,0.0
9261,0.0
9263,0.0
9265,0.0
9267,1.0
9268,0.0
9270,0.0
9271,0.0
9272,1.0
9274,0.0
9275,1.0
9276,0.0
9277,1.0
9278,1.0
9281,0.0
9282,1.0
9283,0.0
9285,0.0
9287,1.0
9288,0.0
9290,0.0
9291,0.0
9292,1.0
9293,0.0
9294,0.0
9295,1.0
9296,0.0
9297,1.0
9298,0.0
9302,0.0
9304,0.0
9306,0.0
9308,0.0
9316,0.0
9317,1.0
9318,1.0
9319,1.0
9320,0.0
9321,0.0
9322,0.0
9323,1.0
9326,1.0
9334,0.0
9336,0.0
9341,0.0
9342,1.0
9343,0.0
9344,1.0
9348,1.0
9351,0.0
9352,1.0
9354,0.0
9355,0.0
9356,0.0
9357,1.0
9362,0.0
9366,0.0
9370,0.0
9372,0.0
9373,0.0
9376,0.0
9377,0.0
9380,0.0
9381,0.0
9386,0.0
9389,0.0
9390,0.0
9391,0.0
9392,0.0
9393,0.0
9394,1.0
9398,1.0
9401,1.0
9404,1.0
9405,1.0
9406,0.0
9407,1.0
9410,0.0
9411,0.0
9413,0.0
9414,0.0
9415,1.0
9419,0.0
9423,0.0
9424,1.0
9428,0.0
9436,1.0
9437,0.0
9438,1.0
9439,0.0
9441,0.0
9442,1.0
9443,0.0
9447,1.0
9448,1.0
9450,0.0
9452,0.0
9453,0.0
9455,0.0
9457,0.0
9459,0.0
9460,0.0
9462,0.0
9463,0.0
9464,1.0
9465,0.0
9466,0.0
9468,0.0
9471,1.0
9478,0.0
9479,0.0
9480,0.0
9486,0.0
9488,1.0
9490,0.0
9491,0.0
9492,0.0
9494,0.0
9495,1.0
9497,0.0
9499,1.0
9500,0.0
9505,0.0
9511,1.0
9512,1.0
9513,0.0
9514,1.0
9517,1.0
9518,0.0
9520,0.0
9525,1.0
9526,0.0
9527,0.0
9528,0.0
9529,0.0
9535,0.0
9537,1.0
9538,1.0
9540,1.0
9542,1.0
9544,0.0
9547,0.0
9549,0.0
9550,0.0
9553,1.0
9555,0.0
9556,1.0
9558,0.0
9559,0.0
9563,0.0
9566,0.0
9569,1.0
9570,1.0
9571,0.0
9573,1.0
9575,0.0
9576,1.0
9577,0.0
9578,0.0
9579,1.0
9580,1.0
9581,1.0
9583,1.0
9585,0.0
9586,0.0
9588,0.0
9589,0.0
9590,0.0
9592,0.0
9594,0.0
9595,1.0
9596,0.0
9597,0.0
9599,1.0
9604,1.0
9605,1.0
9610,1.0
9612,0.0
9613,0.0
9615,0.0
9617,0.0
9618,0.0
9621,1.0
9622,0.0
9624,1.0
9625,1.0
9626,0.0
9628,1.0
9629,0.0
9631,0.0
9635,0.0
9640,1.0
9641,0.0
9644,0.0
9646,1.0
9649,1.0
9650,0.0
9652,1.0
9653,0.0
9654,0.0
9655,0.0
9659,1.0
9660,1.0
9661,0.0
9662,0.0
9664,0.0
9665,0.0
9666,0.0
9668,0.0
9669,0.0
9671,1.0
9672,0.0
9677,0.0
9681,0.0
9682,1.0
9683,0.0
9686,0.0
9688,0.0
9695,0.0
9696,0.0
9697,0.0
9699,0.0
9700,0.0
9703,0.0
9707,0.0
9709,0.0
9711,0.0
9713,0.0
9714,1.0
9717,1.0
9720,1.0
9721,0.0
9723,1.0
9727,0.0
9729,0.0
9730,0.0
9732,0.0
9733,1.0
9736,1.0
9738,1.0
9739,0.0
9740,1.0
9744,0.0
9745,0.0
9746,0.0
9748,0.0
9750,0.0
9753,1.0
9754,1.0
9755,0.0
9757,0.0
9758,1.0
9760,0.0
9761,1.0
9763,1.0
9765,0.0
9767,0.0
9768,1.0
9769,0.0
9770,0.0
9771,1.0
9773,1.0
9774,0.0
9777,0.0
9778,1.0
9781,0.0
9782,1.0
9784,0.0
9788,1.0
9791,0.0
9793,0.0
9795,1.0
9798,0.0
9800,0.0
9802,0.0
9806,1.0
9808,1.0
9809,1.0
9811,0.0
9812,0.0
9814,0.0
9817,0.0
9819,0.0
9821,1.0
9822,0.0
9823,0.0
9824,0.0
9825,0.0
9826,0.0
9827,1.0
9828,0.0
9829,0.0
9833,0.0
9835,0.0
9836,0.0
9837,1.0
9839,0.0
9840,0.0
9844,0.0
9845,1.0
9846,0.0
9847,0.0
9848,1.0
9849,0.0
9851,0.0
9854,0.0
9857,0.0
9858,0.0
9860,0.0
9861,1.0
9862,0.0
9867,1.0
9871,1.0
9874,1.0
9875,1.0
9877,1.0
9879,1.0
9882,0.0
9884,1.0
9885,0.0
9889,0.0
9891,0.0
9897,0.0
9898,1.0
9899,0.0
9901,0.0
9911,0.0
9912,1.0
9914,1.0
9915,0.0
9916,1.0
9918,0.0
9922,0.0
9928,0.0
9935,0.0
9936,1.0
9938,0.0
9940,1.0
9941,0.0
9942,1.0
9948,1.0
9949,1.0
9951,0.0
9953,0.0
9954,0.0
9956,1.0
9958,1.0
9961,0.0
9963,1.0
9965,1.0
9967,1.0
9970,1.0
9971,0.0
9972,0.0
9974,0.0
9976,0.0
9981,0.0
9982,1.0
9983,0.0
9990,1.0
9993,1.0
9994,0.0
9996,0.0
9997,1.0
9999,0.0
10000,0.0
10002,1.0
10003,1.0
10006,0.0
10008,0.0
10010,0.0
10011,1.0
10014,0.0
10015,0.0
10017,1.0
10019,0.0
10021,1.0
10023,0.0
10024,0.0
10025,1.0
10026,1.0
10027,1.0
10029,0.0
10031,1.0
10033,0.0
10034,0.0
10036,1.0
10040,0.0
10042,1.0
10043,1.0
10044,0.0
10047,0.0
10049,0.0
10050,0.0
10051,0.0
10055,0.0
10059,1.0
10061,0.0
10065,0.0
10066,0.0
10067,0.0
10068,0.0
10071,0.0
10072,1.0
10073,1.0
10074,0.0
10075,0.0
10076,1.0
10083,0.0
10089,0.0
10090,1.0
10091,0.0
10092,0.0
10094,0.0
10097,0.0
10098,1.0
10101,0.0
10102,1.0
10105,0.0
10106,0.0
10108,0.0
10115,1.0
10116,0.0
10118,0.0
10119,0.0
10120,0.0
10125,0.0
10126,1.0
10127,0.0
10128,1.0
10132,0.0
10134,0.0
10135,0.0
10139,0.0
10140,1.0
10141,1.0
10143,0.0
10145,0.0
10146,0.0
10147,0.0
10153,1.0
10156,0.0
10157,0.0
10160,0.0
10165,0.0
10172,0.0
10173,0.0
10174,0.0
10178,1.0
10179,1.0
10182,0.0
10183,1.0
10187,1.0
10189,0.0
10191,1.0
10194,0.0
10195,0.0
10196,0.0
10197,1.0
10198,1.0
10199,0.0
10200,0.0
10201,1.0
10204,1.0
10205,0.0
10208,0.0
10209,1.0
10211,0.0
10216,1.0
